{
  "eye_side0-eye_side0": 0.9995824925451102,
  "eye_side0-mouth_side0": 0.5007196761979956,
  "eye_side0-mouth_side1": 1.0249530847015371,
  "eye_side0-nose_side0": 0.29894438884921287,
  "eye_side0-nose_side1": 1.012198953625267,
  "eye_side0-l_eye_w0": 0.15384183337965152,
  "eye_side0-l_eye_w1": 0.3437790296027343,
  "eye_side0-l_eye_h0": 0.2547521058011226,
  "eye_side0-l_eye_h1": 0.30207789782721545,
  "eye_side0-r_eye_w0": 0.6387472906241286,
  "eye_side0-r_eye_w1": 0.8424431039616265,
  "eye_side0-r_eye_h0": 0.726230924478096,
  "eye_side0-r_eye_h1": 0.7283790867416544,
  "eye_side0-mouth_w0": 0.6049838055142256,
  "eye_side0-mouth_w1": 0.8354274173692875,
  "eye_side0-mouth_h0": 0.7791289217008602,
  "eye_side0-mouth_h1": 0.7039118813761608,
  "eye_side0-jaw0": 0.955345237559122,
  "eye_side0-nose_w0": 0.4709249169157098,
  "eye_side0-nose_w1": 0.7164031099627359,
  "eye_side0-nose_h0": 0.6133571536346446,
  "eye_side0-nose_h1": 0.5137176882445942,
  "eye_side1-mouth_side0": 1.0113557337052197,
  "eye_side1-mouth_side1": 0.5224371941922382,
  "eye_side1-nose_side0": 0.9982183371983029,
  "eye_side1-nose_side1": 0.2784570978673485,
  "eye_side1-l_eye_w0": 0.8547866242068446,
  "eye_side1-l_eye_w1": 0.6177092922356426,
  "eye_side1-l_eye_h0": 0.7195493525850807,
  "eye_side1-l_eye_h1": 0.7411935734203783,
  "eye_side1-r_eye_w0": 0.3646654193191777,
  "eye_side1-r_eye_w1": 0.14736285632206703,
  "eye_side1-r_eye_h0": 0.2329032048266793,
  "eye_side1-r_eye_h1": 0.27663814633977946,
  "eye_side1-mouth_w0": 0.8084196655480569,
  "eye_side1-mouth_w1": 0.6015462897269481,
  "eye_side1-mouth_h0": 0.7209746846991382,
  "eye_side1-mouth_h1": 0.6408051880746887,
  "eye_side1-jaw0": 0.9451872495969236,
  "eye_side1-nose_w0": 0.6765936955927314,
  "eye_side1-nose_w1": 0.45958147093903845,
  "eye_side1-nose_h0": 0.5722364580472177,
  "eye_side1-nose_h1": 0.5110745960964072,
  "mouth_side0-mouth_side0": 0.8082761871793069,
  "mouth_side0-nose_side0": 0.2080676137758968,
  "mouth_side0-nose_side1": 0.8599008554410705,
  "mouth_side0-l_eye_w0": 0.5279578837321299,
  "mouth_side0-l_eye_w1": 0.5406979202884405,
  "mouth_side0-l_eye_h0": 0.48497577473270315,
  "mouth_side0-l_eye_h1": 0.5691211418725386,
  "mouth_side0-r_eye_w0": 0.7493879374598408,
  "mouth_side0-r_eye_w1": 0.8982686499844189,
  "mouth_side0-r_eye_h0": 0.7807809915547717,
  "mouth_side0-r_eye_h1": 0.8128196133263097,
  "mouth_side0-mouth_w0": 0.20767875565280836,
  "mouth_side0-mouth_w1": 0.5307036984003323,
  "mouth_side0-mouth_h0": 0.41319142838883904,
  "mouth_side0-mouth_h1": 0.3949652344581667,
  "mouth_side0-jaw0": 0.4889601977278809,
  "mouth_side0-nose_w0": 0.32562508990116534,
  "mouth_side0-nose_w1": 0.5415500398499451,
  "mouth_side0-nose_h0": 0.42466469147874425,
  "mouth_side0-nose_h1": 0.7562392611649899,
  "mouth_side1-nose_side0": 0.8882585946010063,
  "mouth_side1-nose_side1": 0.17928803820148947,
  "mouth_side1-l_eye_w0": 0.8951555752894698,
  "mouth_side1-l_eye_w1": 0.7345568247121042,
  "mouth_side1-l_eye_h0": 0.7932963788658116,
  "mouth_side1-l_eye_h1": 0.8595431184438727,
  "mouth_side1-r_eye_w0": 0.602788906531011,
  "mouth_side1-r_eye_w1": 0.5465201244210465,
  "mouth_side1-r_eye_h0": 0.5405566586216812,
  "mouth_side1-r_eye_h1": 0.6083070035197047,
  "mouth_side1-mouth_w0": 0.5402153337926945,
  "mouth_side1-mouth_w1": 0.2145991987057605,
  "mouth_side1-mouth_h0": 0.3878647567292124,
  "mouth_side1-mouth_h1": 0.3677439471723256,
  "mouth_side1-jaw0": 0.46807890056871765,
  "mouth_side1-nose_w0": 0.5288189570576475,
  "mouth_side1-nose_w1": 0.3365011269917371,
  "mouth_side1-nose_h0": 0.43658871109489816,
  "mouth_side1-nose_h1": 0.7652714558497229,
  "nose_side0-nose_side0": 0.9305836662807272,
  "nose_side0-l_eye_w0": 0.3597651461142247,
  "nose_side0-l_eye_w1": 0.4545958743457001,
  "nose_side0-l_eye_h0": 0.35789040627492086,
  "nose_side0-l_eye_h1": 0.41957465929058957,
  "nose_side0-r_eye_w0": 0.6551951682533916,
  "nose_side0-r_eye_w1": 0.8534420099764048,
  "nose_side0-r_eye_h0": 0.7809941486618164,
  "nose_side0-r_eye_h1": 0.7815547726589626,
  "nose_side0-mouth_w0": 0.36207467519999564,
  "nose_side0-mouth_w1": 0.621401400465045,
  "nose_side0-mouth_h0": 0.5598769071313374,
  "nose_side0-mouth_h1": 0.4648938589826742,
  "nose_side0-jaw0": 0.6653462674046383,
  "nose_side0-nose_w0": 0.3492906210736163,
  "nose_side0-nose_w1": 0.6253100563702,
  "nose_side0-nose_h0": 0.4499747598235767,
  "nose_side0-nose_h1": 0.6062315396031153,
  "nose_side1-l_eye_w0": 0.881359555268663,
  "nose_side1-l_eye_w1": 0.6559061093075438,
  "nose_side1-l_eye_h0": 0.7504947344331687,
  "nose_side1-l_eye_h1": 0.791818620900782,
  "nose_side1-r_eye_w0": 0.46990476509571044,
  "nose_side1-r_eye_w1": 0.3586073254199021,
  "nose_side1-r_eye_h0": 0.36306563023048843,
  "nose_side1-r_eye_h1": 0.440197222097987,
  "nose_side1-mouth_w0": 0.6642115380610931,
  "nose_side1-mouth_w1": 0.3371680214440666,
  "nose_side1-mouth_h0": 0.5027333543884936,
  "nose_side1-mouth_h1": 0.48187499945903334,
  "nose_side1-jaw0": 0.6357981628657949,
  "nose_side1-nose_w0": 0.5931523459595142,
  "nose_side1-nose_w1": 0.29753614572194237,
  "nose_side1-nose_h0": 0.4465605648691531,
  "nose_side1-nose_h1": 0.646485470084416,
  "l_eye_w0-l_eye_w0": 0.19477944568325795,
  "l_eye_w0-l_eye_h0": 0.11941952295304187,
  "l_eye_w0-l_eye_h1": 0.1176096614668776,
  "l_eye_w0-r_eye_w0": 0.4835345331549033,
  "l_eye_w0-r_eye_w1": 0.6802427127998136,
  "l_eye_w0-r_eye_h0": 0.6247771696649861,
  "l_eye_w0-r_eye_h1": 0.5979929003955587,
  "l_eye_w0-mouth_w0": 0.5275902463794614,
  "l_eye_w0-mouth_w1": 0.7213814429895211,
  "l_eye_w0-mouth_h0": 0.690109434419151,
  "l_eye_w0-mouth_h1": 0.5881801161739426,
  "l_eye_w0-jaw0": 0.8761841909963648,
  "l_eye_w0-nose_w0": 0.38823420371833295,
  "l_eye_w0-nose_w1": 0.5856020079047177,
  "l_eye_w0-nose_h0": 0.49880173902162395,
  "l_eye_w0-nose_h1": 0.3631569444004207,
  "l_eye_w1-l_eye_h0": 0.09528756244990891,
  "l_eye_w1-l_eye_h1": 0.11228980673392175,
  "l_eye_w1-r_eye_w0": 0.27349164129543424,
  "l_eye_w1-r_eye_w1": 0.4824652669202577,
  "l_eye_w1-r_eye_h0": 0.3979688677798246,
  "l_eye_w1-r_eye_h1": 0.39531525052836775,
  "l_eye_w1-mouth_w0": 0.4921577149171422,
  "l_eye_w1-mouth_w1": 0.589314206114987,
  "l_eye_w1-mouth_h0": 0.5975700656926975,
  "l_eye_w1-mouth_h1": 0.4754049313022952,
  "l_eye_w1-jaw0": 0.7779578537471341,
  "l_eye_w1-nose_w0": 0.3082574836567228,
  "l_eye_w1-nose_w1": 0.4054868923223468,
  "l_eye_w1-nose_h0": 0.36966484656823306,
  "l_eye_w1-nose_h1": 0.1617440088190279,
  "l_eye_h0-l_eye_h0": 0.06826806612707946,
  "l_eye_h0-r_eye_w0": 0.37431604818703385,
  "l_eye_h0-r_eye_w1": 0.5748314585004772,
  "l_eye_h0-r_eye_h0": 0.482977378844057,
  "l_eye_h0-r_eye_h1": 0.49149405085319786,
  "l_eye_h0-mouth_w0": 0.493370194894049,
  "l_eye_h0-mouth_w1": 0.5979358214156703,
  "l_eye_h0-mouth_h0": 0.6147618687125014,
  "l_eye_h0-mouth_h1": 0.5019519558785454,
  "l_eye_h0-jaw0": 0.7985748256468669,
  "l_eye_h0-nose_w0": 0.29630992911890264,
  "l_eye_h0-nose_w1": 0.46921351160006963,
  "l_eye_h0-nose_h0": 0.41227019161749756,
  "l_eye_h0-nose_h1": 0.26520041761824314,
  "l_eye_h1-r_eye_w0": 0.36407203841421626,
  "l_eye_h1-r_eye_w1": 0.5557660501900499,
  "l_eye_h1-r_eye_h0": 0.5107001879444351,
  "l_eye_h1-r_eye_h1": 0.4517173985586188,
  "l_eye_h1-mouth_w0": 0.5480646509263253,
  "l_eye_h1-mouth_w1": 0.6702857526327213,
  "l_eye_h1-mouth_h0": 0.6715414488989665,
  "l_eye_h1-mouth_h1": 0.5691147195540713,
  "l_eye_h1-jaw0": 0.8927970569269641,
  "l_eye_h1-nose_w0": 0.36966455933603354,
  "l_eye_h1-nose_w1": 0.5086200991399084,
  "l_eye_h1-nose_h0": 0.46662778237974745,
  "l_eye_h1-nose_h1": 0.22053547172400373,
  "r_eye_w0-r_eye_w0": 0.20015780231545766,
  "r_eye_w0-r_eye_h0": 0.1224617507776899,
  "r_eye_w0-r_eye_h1": 0.1068457545365093,
  "r_eye_w0-mouth_w0": 0.5529377291637383,
  "r_eye_w0-mouth_w1": 0.49729072844899586,
  "r_eye_w0-mouth_h0": 0.5804417851960155,