{
  "eye_side-0-0": -0.475,
  "eye_side-0-1": 0.025000000000000022,
  "eye_side-1-0": 0.525,
  "eye_side-1-1": 0.025000000000000022,
  "mouth_side-0-0": -0.39340817090960034,
  "mouth_side-0-1": 0.525065811027446,
  "mouth_side-1-0": 0.4122755871126351,
  "mouth_side-1-1": 0.5165205154104755,
  "nose_side-0-0": -0.45417559443950806,
  "nose_side-0-1": 0.2922446252871583,
  "nose_side-1-0": 0.45819580125509485,
  "nose_side-1-1": 0.27359817388790764,
  "l_eye_w-0-0": -0.3545454002138164,
  "l_eye_w-0-1": -0.01406549269788851,
  "l_eye_w-1-0": -0.1567689010042066,
  "l_eye_w-1-1": 0.007744611896787122,
  "l_eye_h-0-0": -0.21881460643548928,
  "l_eye_h-0-1": 0.038007777219360814,
  "l_eye_h-1-0": -0.24573646598446863,
  "l_eye_h-1-1": -0.05021715732654539,
  "r_eye_w-0-0": 0.13636134327933477,
  "r_eye_w-0-1": -0.02800073458054738,
  "r_eye_w-1-0": 0.3422927125892707,
  "r_eye_w-1-1": -0.033795760660988196,
  "r_eye_h-0-0": 0.251945420179432,
  "r_eye_h-0-1": -0.002272228110833094,
  "r_eye_h-1-0": 0.22703381532240022,
  "r_eye_h-1-1": -0.07849109722907954,
  "mouth_w-0-0": -0.14243547336946255,
  "mouth_w-0-1": 0.49621676095003614,
  "mouth_w-1-0": 0.1879866112229868,
  "mouth_w-1-1": 0.49913887839326293,
  "mouth_h-0-0": -0.024244128136542184,
  "mouth_h-0-1": 0.582385998309233,
  "mouth_h-1-0": -0.0030838077678279827,
  "mouth_h-1-1": 0.4253361514039923,
  "jaw-0-0": 0.01684315185548866,
  "jaw-0-1": 0.7791738304185443,
  "nose_w-0-0": -0.10538771964410874,
  "nose_w-0-1": 0.2624716822874862,
  "nose_w-1-0": 0.15345074615756768,
  "nose_w-1-1": 0.2954502913647239,
  "nose_h-0-0": 0.01577708370365844,
  "nose_h-0-1": 0.321284191526568,
  "nose_h-1-0": 0.005519956044776453,
  "nose_h-1-1": -0.12157901598764165
}